{
  "accuracy": 0.667601683029453,
  "precision_macro": 0.6891448576462197,
  "recall_macro": 0.6454123750485833,
  "f1_macro": 0.6512189239794812,
  "confusion_matrix": [
    [
      39,
      8,
      5,
      0,
      1,
      2,
      8,
      0,
      0
    ],
    [
      0,
      59,
      0,
      0,
      0,
      0,
      7,
      0,
      7
    ],
    [
      0,
      2,
      43,
      3,
      2,
      0,
      6,
      0,
      2
    ],
    [
      0,
      7,
      2,
      89,
      12,
      0,
      17,
      1,
      1
    ],
    [
      0,
      9,
      0,
      13,
      32,
      1,
      11,
      5,
      7
    ],
    [
      8,
      0,
      3,
      9,
      3,
      44,
      4,
      0,
      0
    ],
    [
      0,
      7,
      2,
      16,
      11,
      1,
      95,
      0,
      1
    ],
    [
      0,
      1,
      0,
      10,
      5,
      4,
      10,
      10,
      0
    ],
    [
      0,
      3,
      0,
      0,
      0,
      0,
      0,
      0,
      65
    ]
  ]
}