{
  "accuracy": 0.8611500701262272,
  "precision_macro": 0.8601743989323799,
  "recall_macro": 0.8606671323894414,
  "f1_macro": 0.857571548447893,
  "confusion_matrix": [
    [
      56,
      0,
      0,
      3,
      0,
      2,
      1,
      1,
      0
    ],
    [
      0,
      68,
      0,
      0,
      0,
      0,
      0,
      0,
      5
    ],
    [
      0,
      1,
      50,
      3,
      0,
      0,
      4,
      0,
      0
    ],
    [
      0,
      0,
      1,
      118,
      5,
      1,
      3,
      1,
      0
    ],
    [
      0,
      3,
      0,
      7,
      49,
      3,
      2,
      9,
      5
    ],
    [
      3,
      0,
      0,
      2,
      2,
      63,
      0,
      1,
      0
    ],
    [
      2,
      0,
      3,
      12,
      1,
      3,
      112,
      0,
      0
    ],
    [
      0,
      0,
      0,
      0,
      2,
      2,
      2,
      34,
      0
    ],
    [
      0,
      4,
      0,
      0,
      0,
      0,
      0,
      0,
      64
    ]
  ],
  "report": {
    "Cardboard": {
      "precision": 0.9180327868852459,
      "recall": 0.8888888888888888,
      "f1-score": 0.9032258064516129,
      "support": 63.0
    },
    "Food Organics": {
      "precision": 0.8947368421052632,
      "recall": 0.9315068493150684,
      "f1-score": 0.912751677852349,
      "support": 73.0
    },
    "Glass": {
      "precision": 0.9259259259259259,
      "recall": 0.8620689655172413,
      "f1-score": 0.8928571428571429,
      "support": 58.0
    },
    "Metal": {
      "precision": 0.8137931034482758,
      "recall": 0.9147286821705426,
      "f1-score": 0.8613138686131386,
      "support": 129.0
    },
    "Miscellaneous Trash": {
      "precision": 0.8305084745762712,
      "recall": 0.6282051282051282,
      "f1-score": 0.7153284671532847,
      "support": 78.0
    },
    "Paper": {
      "precision": 0.8513513513513513,
      "recall": 0.8873239436619719,
      "f1-score": 0.8689655172413793,
      "support": 71.0
    },
    "Plastic": {
      "precision": 0.9032258064516129,
      "recall": 0.8421052631578947,
      "f1-score": 0.8715953307392996,
      "support": 133.0
    },
    "Textile Trash": {
      "precision": 0.7391304347826086,
      "recall": 0.85,
      "f1-score": 0.7906976744186046,
      "support": 40.0
    },
    "Vegetation": {
      "precision": 0.8648648648648649,
      "recall": 0.9411764705882353,
      "f1-score": 0.9014084507042254,
      "support": 68.0
    },
    "accuracy": 0.8611500701262272,
    "macro avg": {
      "precision": 0.8601743989323799,
      "recall": 0.8606671323894414,
      "f1-score": 0.857571548447893,
      "support": 713.0
    },
    "weighted avg": {
      "precision": 0.8633457735190193,
      "recall": 0.8611500701262272,
      "f1-score": 0.8594212263696139,
      "support": 713.0
    }
  }
}